{
   "dashboards": [{
      "autoswitchEnabled": false,
      "columnCount": 1,
      "columnProportion": "1-1",
      "creationTime": 1617891683994,
      "dashboardNavigations": {},
      "description": "",
      "disabled": false,
      "gridsterMaxColumns": 12,
      "hidden": false,
      "homeTab": false,
      "id": "82ec44ff-42e8-4a70-889f-a8b0cae53957",
      "importAttempts": 0,
      "importComplete": true,
      "lastUpdateTime": 1673562278517,
      "lastUpdateUserId": "287ed085-c6ca-4255-b69c-956f1665ed51",
      "locked": false,
      "name": "Custom Dashboards/Environment Overview v2",
      "namePath": "Custom Dashboards",
      "rank": 0,
      "shared": true,
      "states": [{
         "key": "permDashboardTime_dashboard_82ec44ff-42e8-4a70-889f-a8b0cae53957",
         "value": "o%3AdateRange%3Ds%253Alast7Days%5EdateRangeText%3Ds%253A7D"
      }],
      "temporary": false,
      "userId": "287ed085-c6ca-4255-b69c-956f1665ed51",
      "widgetInteractions": [
         {
            "type": "resourceId",
            "widgetIdProvider": "c63cf9fa-46d0-4ebd-87bd-00f6c0982f04",
            "widgetIdReceiver": "634ac0e7-9bac-41fe-87e6-933ddc643749"
         },
         {
            "type": "resourceId",
            "widgetIdProvider": "0c3cd4c7-9b75-46fd-bfac-23f091430ff2",
            "widgetIdReceiver": "ff1d395e-d717-43fa-beb3-c6b7b073f15e"
         },
         {
            "type": "resourceId",
            "widgetIdProvider": "3c577f94-a010-4ae7-a745-13322164117e",
            "widgetIdReceiver": "b0b04b1d-95f4-4c21-a107-fd8958901560"
         },
         {
            "type": "resourceId",
            "widgetIdProvider": "cf33d69b-0edb-4c5c-a3c6-fdfd58933e79",
            "widgetIdReceiver": "31470ba6-53c3-4678-9758-61f1d2e9764a"
         },
         {
            "type": "resourceId",
            "widgetIdProvider": "c63cf9fa-46d0-4ebd-87bd-00f6c0982f04",
            "widgetIdReceiver": "d7a037af-7b4a-4529-9abd-7d781dc8da80"
         },
         {
            "type": "resourceId",
            "widgetIdProvider": "0c3cd4c7-9b75-46fd-bfac-23f091430ff2",
            "widgetIdReceiver": "9c972cef-2142-42e6-901e-b0fd03012035"
         },
         {
            "type": "resourceId",
            "widgetIdProvider": "3c577f94-a010-4ae7-a745-13322164117e",
            "widgetIdReceiver": "aaebb9e3-c405-464a-8e7b-5bad5dca6301"
         },
         {
            "type": "resourceId",
            "widgetIdProvider": "cf33d69b-0edb-4c5c-a3c6-fdfd58933e79",
            "widgetIdReceiver": "960772fc-a77c-4d1e-b871-6a47be28b3df"
         }
      ],
      "widgets": [
         {
            "collapsed": false,
            "config": {
               "chartViewItems": [
                  "legend",
                  "title"
               ],
               "isUpdatedView": true,
               "refreshContent": {"refreshContent": true},
               "refreshInterval": 300,
               "resource": {
                  "id": "Ext.vcops.chrome.model.Resource-3",
                  "resourceId": "resource:id:0_::_",
                  "resourceKindId": "002006VMWAREvSphere World",
                  "resourceName": "vSphere World",
                  "traversalSpecId": ""
               },
               "selectFirstRow": {"selectFirstRow": false},
               "selfProvider": {"selfProvider": true},
               "title": "Datacenters",
               "traversalSpecId": null,
               "viewDefinitionId": "6694b7fd-15b3-41a2-987d-cc716099d088"
            },
            "gridsterCoords": {
               "h": 7,
               "w": 3,
               "x": 4,
               "y": 7
            },
            "height": 381,
            "id": "0c3cd4c7-9b75-46fd-bfac-23f091430ff2",
            "states": [
               {
                  "key": "perm_isDashboardTime_widget_82ec44ff-42e8-4a70-889f-a8b0cae53957_0c3cd4c7-9b75-46fd-bfac-23f091430ff2",
                  "value": "b%3A0"
               },
               {
                  "key": "perm_toolbarVisible_widget_82ec44ff-42e8-4a70-889f-a8b0cae53957_0c3cd4c7-9b75-46fd-bfac-23f091430ff2",
                  "value": "b%3A0"
               }
            ],
            "title": "Datacenters",
            "type": "View"
         },
         {
            "collapsed": false,
            "config": {
               "chartViewItems": [
                  "legend",
                  "title"
               ],
               "isUpdatedView": true,
               "refreshContent": {"refreshContent": true},
               "refreshInterval": 300,
               "resource": {
                  "id": "Ext.vcops.chrome.model.Resource-4",
                  "resourceId": "resource:id:0_::_",
                  "resourceKindId": "002006VMWAREvSphere World",
                  "resourceName": "vSphere World",
                  "traversalSpecId": ""
               },
               "selectFirstRow": {"selectFirstRow": false},
               "selfProvider": {"selfProvider": true},
               "title": "Clusters",
               "traversalSpecId": null,
               "viewDefinitionId": "364ac16f-e357-407f-ab9f-7aa22b8e3f1b"
            },
            "gridsterCoords": {
               "h": 7,
               "w": 3,
               "x": 7,
               "y": 7
            },
            "height": 381,
            "id": "3c577f94-a010-4ae7-a745-13322164117e",
            "states": [
               {
                  "key": "perm_toolbarVisible_widget_82ec44ff-42e8-4a70-889f-a8b0cae53957_3c577f94-a010-4ae7-a745-13322164117e",
                  "value": "b%3A0"
               },
               {
                  "key": "perm_isDashboardTime_widget_82ec44ff-42e8-4a70-889f-a8b0cae53957_3c577f94-a010-4ae7-a745-13322164117e",
                  "value": "b%3A0"
               }
            ],
            "title": "Clusters",
            "type": "View"
         },
         {
            "collapsed": false,
            "config": {
               "chartViewItems": [
                  "legend",
                  "title"
               ],
               "isUpdatedView": true,
               "refreshContent": {"refreshContent": true},
               "refreshInterval": 300,
               "resource": {
                  "id": "Ext.vcops.chrome.model.Resource-5",
                  "resourceId": "resource:id:0_::_",
                  "resourceKindId": "002006VMWAREvSphere World",
                  "resourceName": "vSphere World",
                  "traversalSpecId": ""
               },
               "selectFirstRow": {"selectFirstRow": false},
               "selfProvider": {"selfProvider": true},
               "title": "ESXi Hosts",
               "traversalSpecId": null,
               "viewDefinitionId": "f2dbd237-c365-4cfa-8b01-137e2a27fcf9"
            },
            "gridsterCoords": {
               "h": 7,
               "w": 3,
               "x": 10,
               "y": 7
            },
            "height": 381,
            "id": "cf33d69b-0edb-4c5c-a3c6-fdfd58933e79",
            "states": [
               {
                  "key": "perm_isDashboardTime_widget_82ec44ff-42e8-4a70-889f-a8b0cae53957_cf33d69b-0edb-4c5c-a3c6-fdfd58933e79",
                  "value": "b%3A0"
               },
               {
                  "key": "perm_toolbarVisible_widget_82ec44ff-42e8-4a70-889f-a8b0cae53957_cf33d69b-0edb-4c5c-a3c6-fdfd58933e79",
                  "value": "b%3A0"
               }
            ],
            "title": "ESXi Hosts",
            "type": "View"
         },
         {
            "collapsed": false,
            "config": {
               "chartViewItems": [
                  "legend",
                  "title"
               ],
               "isUpdatedView": true,
               "refreshContent": {"refreshContent": true},
               "refreshInterval": 300,
               "resource": {
                  "id": "Ext.vcops.chrome.model.Resource-2",
                  "resourceId": "resource:id:0_::_",
                  "resourceKindId": "002006VMWAREvSphere World",
                  "resourceName": "vSphere World",
                  "traversalSpecId": ""
               },
               "selectFirstRow": {"selectFirstRow": false},
               "selfProvider": {"selfProvider": true},
               "title": "vCenters",
               "traversalSpecId": null,
               "viewDefinitionId": "7b96ed68-88e4-4fe2-896b-5838d11932a2"
            },
            "gridsterCoords": {
               "h": 7,
               "w": 3,
               "x": 1,
               "y": 7
            },
            "height": 381,
            "id": "c63cf9fa-46d0-4ebd-87bd-00f6c0982f04",
            "states": [
               {
                  "key": "perm_isDashboardTime_widget_82ec44ff-42e8-4a70-889f-a8b0cae53957_c63cf9fa-46d0-4ebd-87bd-00f6c0982f04",
                  "value": "b%3A0"
               },
               {
                  "key": "perm_toolbarVisible_widget_82ec44ff-42e8-4a70-889f-a8b0cae53957_c63cf9fa-46d0-4ebd-87bd-00f6c0982f04",
                  "value": "b%3A0"
               }
            ],
            "title": "vCenters",
            "type": "View"
         },
         {
            "collapsed": false,
            "config": {
               "alertAction": [],
               "alertImpact": [],
               "criticalityLevel": [],
               "customFilter": {
                  "excludedResources": null,
                  "filter": [],
                  "includedResources": null
               },
               "depth": 1,
               "filterMode": "tagPicker",
               "mode": "all",
               "refreshContent": {"refreshContent": true},
               "refreshInterval": 300,
               "relationshipMode": {"relationshipMode": [
                  -1,
                  0
               ]},
               "resource": [],
               "selfProvider": {"selfProvider": true},
               "state": [],
               "status": [0],
               "tagFilter": null,
               "title": "Active Alerts",
               "type": []
            },
            "gridsterCoords": {
               "h": 6,
               "w": 12,
               "x": 1,
               "y": 1
            },
            "height": 324,
            "id": "449b6fe9-0825-4774-a65e-11fa46dc79d2",
            "states": [
               {
                  "key": "perm_toolbarVisible_widget_82ec44ff-42e8-4a70-889f-a8b0cae53957_449b6fe9-0825-4774-a65e-11fa46dc79d2",
                  "value": "b%3A0"
               },
               {
                  "key": "permAlertGrid_perm_widget_82ec44ff-42e8-4a70-889f-a8b0cae53957_449b6fe9-0825-4774-a65e-11fa46dc79d2",
                  "value": "o%3Acolumns%3Da%253Ao%25253Aid%25253Ds%2525253Ah1%25255Ehidden%25253Db%2525253A1%25255Ewidth%25253Dn%2525253A100%255Eo%25253Aid%25253Ds%2525253Ah2%25255Ewidth%25253Dn%2525253A78.27604675292969%255Eo%25253Aid%25253Ds%2525253Ah6%25255Ewidth%25253Dn%2525253A67.40278625488281%255Eo%25253Aid%25253Ds%2525253Ah15%25255Ehidden%25253Db%2525253A0%25255Ewidth%25253Dn%2525253A128.66494750976562%255Eo%25253Aid%25253Ds%2525253Ah3%25255Ewidth%25253Dn%2525253A328.31256103515625%255Eo%25253Aid%25253Ds%2525253Ah4%25255Ewidth%25253Dn%2525253A545%255Eo%25253Aid%25253Ds%2525253Ah5%255Eo%25253Aid%25253Ds%2525253Ah7%25255Ehidden%25253Db%2525253A0%255Eo%25253Aid%25253Ds%2525253Ah8%25255Ehidden%25253Db%2525253A0%255Eo%25253Aid%25253Ds%2525253Ah9%25255Ehidden%25253Db%2525253A0%255Eo%25253Aid%25253Ds%2525253Ah10%25255Ehidden%25253Db%2525253A0%255Eo%25253Aid%25253Ds%2525253Ah11%255Eo%25253Aid%25253Ds%2525253Ah12%255Eo%25253Aid%25253Ds%2525253Ah13%25255Ehidden%25253Db%2525253A1%255Eo%25253Aid%25253Ds%2525253Ah14%25255Ehidden%25253Db%2525253A1%5EstoreState%3Do%253Asorters%253Da%25253Ao%2525253Aroot%2525253Ds%252525253Adata%2525255Eproperty%2525253Ds%252525253AstartTimeUtc%2525255Edirection%2525253Ds%252525253ADESC%2525255Eid%2525253Ds%252525253AstartTimeUtc"
               },
               {
                  "key": "permDateFilter_widget_82ec44ff-42e8-4a70-889f-a8b0cae53957_449b6fe9-0825-4774-a65e-11fa46dc79d2",
                  "value": "s%3A%7B%22dateRange%22%3A%22last30Days%22%2C%22dateFrom%22%3Anull%2C%22dateTo%22%3Anull%2C%22timeFrom%22%3Anull%2C%22timeTo%22%3Anull%7D"
               },
               {
                  "key": "permViewMode_widget_82ec44ff-42e8-4a70-889f-a8b0cae53957_449b6fe9-0825-4774-a65e-11fa46dc79d2",
                  "value": "s%3Atime"
               }
            ],
            "title": "Active Alerts",
            "type": "AlertList"
         },
         {
            "collapsed": false,
            "config": {
               "additionalColumns": [
                  {
                     "boxLabel": "Memory Usage (%)",
                     "metricKey": "mem|usage_average",
                     "metricName": "Memory|Usage (%)",
                     "resourceKindId": "resourceKind:id:0_::_"
                  },
                  {
                     "boxLabel": "CPU Demand (%)",
                     "metricKey": "cpu|demandPct",
                     "metricName": "CPU|Demand (%)",
                     "resourceKindId": "resourceKind:id:0_::_"
                  }
               ],
               "barsCount": 15,
               "customFilter": {
                  "excludedResources": null,
                  "filter": [],
                  "includedResources": null
               },
               "depth": 3,
               "filterMode": "tagPicker",
               "filterOldMetrics": {"filterOldMetrics": false},
               "metric": {
                  "metricKey": "cpu|usage_average",
                  "name": "CPU|Usage (%)"
               },
               "metricName": "CPU Usage (%)",
               "metricUnit": {
                  "metricUnitId": -1,
                  "metricUnitName": "Auto"
               },
               "mode": "all",
               "orangeBound": 95,
               "percentileValue": null,
               "redBound": 99,
               "refreshContent": {"refreshContent": true},
               "refreshInterval": 300,
               "regenerationTime": 15,
               "relationshipMode": {"relationshipMode": -1},
               "resource": [],
               "resourceKind": [{"id": "resourceKind:id:0_::_"}],
               "roundDecimals": 1,
               "selfProvider": {"selfProvider": false},
               "tagFilter": null,
               "title": "ESXi Host CPU Usage (in selected vCenter)",
               "topOption": "metricsHighestUtilization",
               "yellowBound": 90
            },
            "gridsterCoords": {
               "h": 6,
               "w": 3,
               "x": 1,
               "y": 14
            },
            "height": 324,
            "id": "634ac0e7-9bac-41fe-87e6-933ddc643749",
            "title": "ESXi Host CPU Usage (in selected vCenter)",
            "type": "ParetoAnalysis"
         },
         {
            "collapsed": false,
            "config": {
               "additionalColumns": [
                  {
                     "boxLabel": "Memory Usage (%)",
                     "metricKey": "mem|usage_average",
                     "metricName": "Memory|Usage (%)",
                     "resourceKindId": "resourceKind:id:0_::_"
                  },
                  {
                     "boxLabel": "CPU Demand (%)",
                     "metricKey": "cpu|demandPct",
                     "metricName": "CPU|Demand (%)",
                     "resourceKindId": "resourceKind:id:0_::_"
                  }
               ],
               "barsCount": 15,
               "customFilter": {
                  "excludedResources": null,
                  "filter": [],
                  "includedResources": null
               },
               "depth": 2,
               "filterMode": "tagPicker",
               "filterOldMetrics": {"filterOldMetrics": false},
               "metric": {
                  "metricKey": "cpu|usage_average",
                  "name": "CPU|Usage (%)"
               },
               "metricName": "CPU Usage (%)",
               "metricUnit": {
                  "metricUnitId": -1,
                  "metricUnitName": "Auto"
               },
               "mode": "all",
               "orangeBound": 95,
               "percentileValue": null,
               "redBound": 99,
               "refreshContent": {"refreshContent": true},
               "refreshInterval": 300,
               "regenerationTime": 15,
               "relationshipMode": {"relationshipMode": -1},
               "resource": [],
               "resourceKind": [{"id": "resourceKind:id:0_::_"}],
               "roundDecimals": 1,
               "selfProvider": {"selfProvider": false},
               "tagFilter": null,
               "title": "ESXi Host CPU Usage (for selected Datacenter)",
               "topOption": "metricsHighestUtilization",
               "yellowBound": 90
            },
            "gridsterCoords": {
               "h": 6,
               "w": 3,
               "x": 4,
               "y": 14
            },
            "height": 324,
            "id": "ff1d395e-d717-43fa-beb3-c6b7b073f15e",
            "title": "ESXi Host CPU Usage (for selected Datacenter)",
            "type": "ParetoAnalysis"
         },
         {
            "collapsed": false,
            "config": {
               "additionalColumns": [
                  {
                     "boxLabel": "Memory Usage (%)",
                     "metricKey": "mem|usage_average",
                     "metricName": "Memory|Usage (%)",
                     "resourceKindId": "resourceKind:id:0_::_"
                  },
                  {
                     "boxLabel": "CPU Demand (%)",
                     "metricKey": "cpu|demandPct",
                     "metricName": "CPU|Demand (%)",
                     "resourceKindId": "resourceKind:id:0_::_"
                  }
               ],
               "barsCount": 15,
               "customFilter": {
                  "excludedResources": null,
                  "filter": [],
                  "includedResources": null
               },
               "depth": 1,
               "filterMode": "tagPicker",
               "filterOldMetrics": {"filterOldMetrics": false},
               "metric": {
                  "metricKey": "cpu|usage_average",
                  "name": "CPU|Usage (%)"
               },
               "metricName": "CPU Usage (%)",
               "metricUnit": {
                  "metricUnitId": -1,
                  "metricUnitName": "Auto"
               },
               "mode": "all",
               "orangeBound": 95,
               "percentileValue": null,
               "redBound": 99,
               "refreshContent": {"refreshContent": true},
               "refreshInterval": 300,
               "regenerationTime": 15,
               "relationshipMode": {"relationshipMode": -1},
               "resource": [],
               "resourceKind": [{"id": "resourceKind:id:0_::_"}],
               "roundDecimals": 1,
               "selfProvider": {"selfProvider": false},
               "tagFilter": null,
               "title": "ESXi Host CPU Usage (for selected Cluster)",
               "topOption": "metricsHighestUtilization",
               "yellowBound": 90
            },
            "gridsterCoords": {
               "h": 6,
               "w": 3,
               "x": 7,
               "y": 14
            },
            "height": 324,
            "id": "b0b04b1d-95f4-4c21-a107-fd8958901560",
            "title": "ESXi Host CPU Usage (for selected Cluster)",
            "type": "ParetoAnalysis"
         },
         {
            "collapsed": false,
            "config": {
               "boxColumns": 1,
               "boxHeight": null,
               "customFilter": {
                  "excludedResources": null,
                  "filter": [],
                  "includedResources": null
               },
               "depth": 1,
               "labelSize": 16,
               "maxCellCount": 100,
               "metric": {
                  "mode": "resourceKind",
                  "resourceKindMetrics": [
                     {
                        "colorMethod": 0,
                        "handleOldColoring": false,
                        "id": "extModel17124-2",
                        "isStringMetric": false,
                        "label": "CPU Usage",
                        "link": "",
                        "metricKey": "cpu|usage_average",
                        "metricName": "CPU|Usage",
                        "metricUnitId": -1,
                        "orangeBound": 95,
                        "redBound": 99,
                        "resourceKindId": "resourceKind:id:0_::_",
                        "resourceKindName": "Host System",
                        "unit": "Auto",
                        "yellowBound": 90
                     },
                     {
                        "colorMethod": 0,
                        "handleOldColoring": false,
                        "id": "extModel17124-3",
                        "isStringMetric": false,
                        "label": "Memory Usage",
                        "link": "",
                        "metricKey": "mem|usage_average",
                        "metricName": "Memory|Usage",
                        "metricUnitId": -1,
                        "orangeBound": 95,
                        "redBound": 99,
                        "resourceKindId": "resourceKind:id:0_::_",
                        "resourceKindName": "Host System",
                        "unit": "Auto",
                        "yellowBound": 90
                     },
                     {
                        "colorMethod": 0,
                        "handleOldColoring": false,
                        "id": "extModel17124-1",
                        "isStringMetric": false,
                        "label": "CPU Demand",
                        "link": "",
                        "metricKey": "cpu|demandPct",
                        "metricName": "CPU|Demand",
                        "metricUnitId": -1,
                        "orangeBound": 95,
                        "redBound": 99,
                        "resourceKindId": "resourceKind:id:0_::_",
                        "resourceKindName": "Host System",
                        "unit": "Auto",
                        "yellowBound": 90
                     }
                  ],
                  "resourceMetrics": [],
                  "subMode": "resourceKindAll"
               },
               "mode": {"layoutMode": "fixedView"},
               "oldMetricValues": false,
               "periodLength": "dashboardTime",
               "refreshContent": {"refreshContent": true},
               "refreshInterval": 300,
               "relationshipMode": {"relationshipMode": 0},
               "resInteractionMode": null,
               "resource": [],
               "roundDecimals": 1,
               "selfProvider": {"selfProvider": false},
               "showDT": {"showDT": false},
               "showMetricName": {"showMetricName": true},
               "showMetricUnit": {"showMetricUnit": true},
               "showResourceName": {"showResourceName": false},
               "showSparkline": {"showSparkline": true},
               "title": "CPU and Memory Scoreboard (for selected ESXi Host)",
               "valueSize": 24,
               "visualTheme": 6
            },
            "gridsterCoords": {
               "h": 6,
               "w": 3,
               "x": 10,
               "y": 14
            },
            "height": 324,
            "id": "31470ba6-53c3-4678-9758-61f1d2e9764a",
            "title": "CPU and Memory Scoreboard (for selected ESXi Host)",
            "type": "Scoreboard"
         },
         {
            "collapsed": false,
            "config": {
               "additionalColumns": [
                  {
                     "boxLabel": "Read Latency (ms)",
                     "metricKey": "disk:Aggregate of all instances|totalReadLatency_average",
                     "metricName": "Disk:Aggregate of all instances|Read Latency (ms)",
                     "resourceKindId": "resourceKind:id:0_::_"
                  },
                  {
                     "boxLabel": "Write Latency (ms)",
                     "metricKey": "disk:Aggregate of all instances|totalWriteLatency_average",
                     "metricName": "Disk:Aggregate of all instances|Write Latency (ms)",
                     "resourceKindId": "resourceKind:id:0_::_"
                  }
               ],
               "barsCount": 15,
               "customFilter": {
                  "excludedResources": null,
                  "filter": [],
                  "includedResources": null
               },
               "depth": 3,
               "filterMode": "tagPicker",
               "filterOldMetrics": {"filterOldMetrics": false},
               "maxValue": null,
               "metric": {
                  "metricKey": "disk:Aggregate of all instances|totalLatency_average",
                  "name": "Disk:Aggregate of all instances|Total Latency (ms)"
               },
               "metricName": "Total Latency",
               "metricUnit": {
                  "metricUnitId": "msec",
                  "metricUnitName": "ms"
               },
               "mode": "all",
               "orangeBound": 4,
               "percentileValue": null,
               "redBound": 6,
               "refreshContent": {"refreshContent": true},
               "refreshInterval": 300,
               "regenerationTime": 15,
               "relationshipMode": {"relationshipMode": -1},
               "resource": [],
               "resourceKind": [{"id": "resourceKind:id:0_::_"}],
               "roundDecimals": 1,
               "selfProvider": {"selfProvider": false},
               "tagFilter": null,
               "title": "ESXi Host Disk Latency (for selected vCenter)",
               "topOption": "metricsHighestUtilization",
               "yellowBound": 2
            },
            "gridsterCoords": {
               "h": 6,
               "w": 3,
               "x": 1,
               "y": 20
            },
            "height": 323,
            "id": "d7a037af-7b4a-4529-9abd-7d781dc8da80",
            "title": "ESXi Host Disk Latency (for selected vCenter)",
            "type": "ParetoAnalysis"
         },
         {
            "collapsed": false,
            "config": {
               "additionalColumns": [
                  {
                     "boxLabel": "Read Latency (ms)",
                     "metricKey": "disk:Aggregate of all instances|totalReadLatency_average",
                     "metricName": "Disk:Aggregate of all Instances|Read Latency (ms)",
                     "resourceKindId": "resourceKind:id:0_::_"
                  },
                  {
                     "boxLabel": "Write Latency (ms)",
                     "metricKey": "disk:Aggregate of all instances|totalWriteLatency_average",
                     "metricName": "Disk:Aggregate of all Instances|Write Latency (ms)",
                     "resourceKindId": "resourceKind:id:0_::_"
                  }
               ],
               "barsCount": 15,
               "customFilter": {
                  "excludedResources": null,
                  "filter": [],
                  "includedResources": null
               },
               "depth": 2,
               "filterMode": "tagPicker",
               "filterOldMetrics": {"filterOldMetrics": false},
               "maxValue": null,
               "metric": {
                  "metricKey": "disk:Aggregate of all instances|totalLatency_average",
                  "name": "Disk:Aggregate of all Instances|Total Latency (ms)"
               },
               "metricName": "",
               "metricUnit": {
                  "metricUnitId": "msec",
                  "metricUnitName": "ms"
               },
               "mode": "all",
               "orangeBound": 4,
               "percentileValue": null,
               "redBound": 6,
               "refreshContent": {"refreshContent": true},
               "refreshInterval": 300,
               "regenerationTime": 15,
               "relationshipMode": {"relationshipMode": -1},
               "resource": [],
               "resourceKind": [{"id": "resourceKind:id:0_::_"}],
               "roundDecimals": 1,
               "selfProvider": {"selfProvider": false},
               "tagFilter": null,
               "title": "ESXi Host Disk Latency (for selected Datacenter)",
               "topOption": "metricsHighestUtilization",
               "yellowBound": 2
            },
            "gridsterCoords": {
               "h": 6,
               "w": 3,
               "x": 4,
               "y": 20
            },
            "height": 323,
            "id": "9c972cef-2142-42e6-901e-b0fd03012035",
            "title": "ESXi Host Disk Latency (for selected Datacenter)",
            "type": "ParetoAnalysis"
         },
         {
            "collapsed": false,
            "config": {
               "additionalColumns": [
                  {
                     "boxLabel": "Read Latency (ms)",
                     "metricKey": "disk:Aggregate of all instances|totalReadLatency_average",
                     "metricName": "Disk:Aggregate of all Instances|Read Latency (ms)",
                     "resourceKindId": "resourceKind:id:0_::_"
                  },
                  {
                     "boxLabel": "Write Latency (ms)",
                     "metricKey": "disk:Aggregate of all instances|totalWriteLatency_average",
                     "metricName": "Disk:Aggregate of all Instances|Write Latency (ms)",
                     "resourceKindId": "resourceKind:id:0_::_"
                  }
               ],
               "barsCount": 15,
               "customFilter": {
                  "excludedResources": null,
                  "filter": [],
                  "includedResources": null
               },
               "depth": 1,
               "filterMode": "tagPicker",
               "filterOldMetrics": {"filterOldMetrics": false},
               "maxValue": null,
               "metric": {
                  "metricKey": "disk:Aggregate of all instances|totalLatency_average",
                  "name": "Disk:Aggregate of all Instances|Total Latency (ms)"
               },
               "metricName": "Total Latency (ms)",
               "metricUnit": {
                  "metricUnitId": "msec",
                  "metricUnitName": "ms"
               },
               "mode": "all",
               "orangeBound": 4,
               "percentileValue": null,
               "redBound": 6,
               "refreshContent": {"refreshContent": true},
               "refreshInterval": 300,
               "regenerationTime": 15,
               "relationshipMode": {"relationshipMode": -1},
               "resource": [],
               "resourceKind": [{"id": "resourceKind:id:0_::_"}],
               "roundDecimals": 1,
               "selfProvider": {"selfProvider": false},
               "tagFilter": null,
               "title": "ESXi Host Disk Latency (for selected Cluster)",
               "topOption": "metricsHighestUtilization",
               "yellowBound": 2
            },
            "gridsterCoords": {
               "h": 6,
               "w": 3,
               "x": 7,
               "y": 20
            },
            "height": 323,
            "id": "aaebb9e3-c405-464a-8e7b-5bad5dca6301",
            "title": "ESXi Host Disk Latency (for selected Cluster)",
            "type": "ParetoAnalysis"
         },
         {
            "collapsed": false,
            "config": {
               "boxColumns": 1,
               "boxHeight": null,
               "customFilter": {
                  "excludedResources": null,
                  "filter": [],
                  "includedResources": null
               },
               "depth": 1,
               "labelSize": 16,
               "maxCellCount": 100,
               "metric": {
                  "mode": "resourceKind",
                  "resourceKindMetrics": [
                     {
                        "colorMethod": 1,
                        "handleOldColoring": false,
                        "id": "extModel15899-1",
                        "isStringMetric": false,
                        "label": "Total Latency",
                        "link": "",
                        "metricKey": "disk:Aggregate of all instances|totalLatency_average",
                        "metricName": "Disk:Aggregate of all instances|Total Latency",
                        "metricUnitId": "msec",
                        "orangeBound": null,
                        "redBound": null,
                        "resourceKindId": "resourceKind:id:0_::_",
                        "resourceKindName": "Host System",
                        "unit": "ms",
                        "yellowBound": null
                     },
                     {
                        "colorMethod": 1,
                        "handleOldColoring": false,
                        "id": "extModel15899-2",
                        "isStringMetric": false,
                        "label": "Read Latency",
                        "link": "",
                        "metricKey": "disk:Aggregate of all instances|totalReadLatency_average",
                        "metricName": "Disk:Aggregate of all instances|Read Latency",
                        "metricUnitId": "msec",
                        "orangeBound": null,
                        "redBound": null,
                        "resourceKindId": "resourceKind:id:0_::_",
                        "resourceKindName": "Host System",
                        "unit": "ms",
                        "yellowBound": null
                     },
                     {
                        "colorMethod": 1,
                        "handleOldColoring": false,
                        "id": "extModel15899-3",
                        "isStringMetric": false,
                        "label": "Write Latency",
                        "link": "",
                        "metricKey": "disk:Aggregate of all instances|totalWriteLatency_average",
                        "metricName": "Disk:Aggregate of all instances|Write Latency",
                        "metricUnitId": "msec",
                        "orangeBound": null,
                        "redBound": null,
                        "resourceKindId": "resourceKind:id:0_::_",
                        "resourceKindName": "Host System",
                        "unit": "ms",
                        "yellowBound": null
                     }
                  ],
                  "resourceMetrics": [],
                  "subMode": "resourceKindAll"
               },
               "mode": {"layoutMode": "fixedView"},
               "oldMetricValues": false,
               "periodLength": "dashboardTime",
               "refreshContent": {"refreshContent": true},
               "refreshInterval": 300,
               "relationshipMode": {"relationshipMode": 0},
               "resInteractionMode": null,
               "resource": [],
               "roundDecimals": 2,
               "selfProvider": {"selfProvider": false},
               "showDT": {"showDT": false},
               "showMetricName": {"showMetricName": true},
               "showMetricUnit": {"showMetricUnit": true},
               "showResourceName": {"showResourceName": false},
               "showSparkline": {"showSparkline": true},
               "title": "Disk Latency Scoreboard (for selected ESXi Host)",
               "valueSize": 24,
               "visualTheme": 6
            },
            "gridsterCoords": {
               "h": 6,
               "w": 3,
               "x": 10,
               "y": 20
            },
            "height": 323,
            "id": "960772fc-a77c-4d1e-b871-6a47be28b3df",
            "title": "Disk Latency Scoreboard (for selected ESXi Host)",
            "type": "Scoreboard"
         }
      ]
   }],
   "entries": {
      "resource": [{
         "adapterKindKey": "VMWARE",
         "identifiers": [],
         "internalId": "resource:id:0_::_",
         "name": "vSphere World",
         "resourceKindKey": "vSphere World"
      }],
      "resourceKind": [{
         "adapterKindKey": "VMWARE",
         "internalId": "resourceKind:id:0_::_",
         "resourceKindKey": "HostSystem"
      }]
   },
   "uuid": "cbb75872-cc76-4b6b-afd7-6e5adb34a43f"
}